vidId,frameNum,timestamp,detectedObjId,detectedObjClass,confidence,bbox_info
2,700,29.195833333333336,0,person,0.99955076,"269,73,372,325"
2,700,29.195833333333336,1,person,0.9994824,"395,76,538,324"
2,700,29.195833333333336,2,person,0.9991314,"154,71,246,320"
2,700,29.195833333333336,3,person,0.99849534,"498,85,595,319"
2,700,29.195833333333336,4,person,0.9981659,"30,97,89,314"
2,700,29.195833333333336,5,person,0.99802446,"85,110,170,323"
2,700,29.195833333333336,6,person,0.9978115,"574,85,640,323"
2,700,29.195833333333336,7,person,0.9965215,"0,86,41,309"
2,1500,62.5625,0,person,0.9735224,"238,1,632,355"
2,1500,62.5625,1,bed,0.86567336,"6,14,571,358"
2,1500,62.5625,2,bed,0.53629535,"19,64,332,351"
2,2400,100.10000000000001,0,person,0.9988514,"0,3,320,292"
2,2400,100.10000000000001,1,person,0.9925217,"326,0,640,348"
2,2400,100.10000000000001,2,person,0.9842882,"334,44,479,254"
2,2400,100.10000000000001,3,person,0.7957175,"150,21,321,159"
2,2400,100.10000000000001,4,sink,0.59708565,"0,218,129,353"
2,3800,158.49166666666667,0,person,0.99881727,"123,1,396,359"
2,3800,158.49166666666667,1,person,0.9987469,"431,151,602,358"
2,3800,158.49166666666667,2,person,0.9985253,"0,154,132,351"
2,3800,158.49166666666667,3,teddy bear,0.82566386,"223,118,331,259"
2,3800,158.49166666666667,4,remote,0.7928976,"274,205,301,219"
2,3800,158.49166666666667,5,book,0.64638495,"537,182,598,235"
2,2100,87.5875,0,person,0.995141,"119,224,232,356"
2,2100,87.5875,1,person,0.9932962,"244,102,292,190"
2,2100,87.5875,2,person,0.9925971,"410,127,454,193"
2,2100,87.5875,3,person,0.99084806,"238,174,315,273"
2,2100,87.5875,4,person,0.9885437,"446,58,543,270"
2,2100,87.5875,5,person,0.97704095,"310,172,427,342"
2,2100,87.5875,6,person,0.9738482,"139,172,182,250"
2,2100,87.5875,7,person,0.9527798,"333,133,385,193"
2,2100,87.5875,8,person,0.9434883,"410,199,494,316"
2,2100,87.5875,9,chair,0.9192175,"200,162,243,234"
2,2100,87.5875,10,bottle,0.8127902,"224,140,230,157"
2,2100,87.5875,11,bowl,0.7873017,"60,188,108,207"
2,2100,87.5875,12,person,0.6809424,"327,159,406,296"
2,2100,87.5875,13,person,0.6665624,"298,318,406,359"
2,2100,87.5875,14,wine glass,0.5844662,"486,123,499,162"
2,2100,87.5875,15,chair,0.55032426,"313,178,338,220"
2,2100,87.5875,16,book,0.5444113,"562,193,575,279"
2,2100,87.5875,17,person,0.54120916,"328,131,392,247"
2,7200,300.3,0,person,0.99918026,"129,54,505,358"
2,7200,300.3,1,person,0.9687581,"112,131,217,318"
2,7200,300.3,2,cake,0.95413715,"7,163,152,252"
2,7200,300.3,3,cup,0.8973163,"426,211,458,267"
2,7200,300.3,4,person,0.8831492,"1,80,91,280"
2,7200,300.3,5,person,0.829636,"122,5,229,160"
2,7200,300.3,6,cup,0.82207423,"460,238,502,296"
2,7200,300.3,7,person,0.7237245,"6,135,206,350"
2,7200,300.3,8,chair,0.630992,"436,175,546,243"
2,7200,300.3,9,apple,0.5516982,"458,198,497,236"
2,7200,300.3,10,potted plant,0.54551274,"430,0,637,351"
2,5300,221.0541777777778,0,person,0.9644082,"2,86,168,356"
2,5300,221.0541777777778,1,person,0.93266374,"500,1,640,205"
2,5300,221.0541777777778,2,person,0.91451275,"498,0,640,82"
2,5300,221.0541777777778,3,cup,0.8695237,"339,204,396,294"
2,5300,221.0541777777778,4,cup,0.8524637,"305,191,355,259"
2,5300,221.0541777777778,5,person,0.8497588,"0,3,26,87"
2,5300,221.0541777777778,6,person,0.6009031,"3,0,228,88"
2,4200,175.175,0,person,0.9978156,"30,57,218,283"
2,4200,175.175,1,person,0.9960188,"214,111,340,273"
2,4200,175.175,2,person,0.99592716,"448,105,638,344"
2,4200,175.175,3,person,0.9946085,"378,128,529,296"
2,4200,175.175,4,person,0.9945141,"0,101,98,303"
2,4200,175.175,5,tv,0.9808374,"83,10,155,72"
2,4200,175.175,6,person,0.9563131,"344,115,445,276"
2,4200,175.175,7,teddy bear,0.90077823,"150,143,212,209"
2,4200,175.175,8,chair,0.8431704,"87,74,121,112"
2,4200,175.175,9,bottle,0.8117316,"340,219,382,251"
2,4200,175.175,10,cell phone,0.68029255,"170,202,194,211"
2,4200,175.175,11,refrigerator,0.65154535,"11,61,79,148"
2,4200,175.175,12,cup,0.6352821,"398,46,419,66"
2,4200,175.175,13,chair,0.63325113,"517,217,565,258"
2,4200,175.175,14,potted plant,0.6031294,"417,3,445,66"
2,4200,175.175,15,chair,0.55806524,"428,109,473,138"
1,4700,196.02917777777776,0,train,0.9837737,"3,182,259,220"
1,4700,196.02917777777776,1,car,0.9662535,"500,272,532,286"
1,4700,196.02917777777776,2,car,0.96042067,"197,297,218,320"
1,4700,196.02917777777776,3,car,0.9444801,"539,275,564,287"
1,4700,196.02917777777776,4,car,0.75585616,"351,232,356,238"
1,4700,196.02917777777776,5,train,0.67499936,"1,184,136,219"
1,4700,196.02917777777776,6,car,0.5091478,"352,220,357,225"
2,1000,41.708333333333336,0,person,0.9989083,"298,26,639,350"
2,1000,41.708333333333336,1,person,0.9982133,"140,0,418,323"
2,1000,41.708333333333336,2,cup,0.99141437,"0,232,15,325"
2,1000,41.708333333333336,3,potted plant,0.9256972,"165,104,263,220"
2,1000,41.708333333333336,4,dining table,0.89799726,"12,278,399,357"
2,1000,41.708333333333336,5,potted plant,0.76521534,"571,150,623,196"
2,1000,41.708333333333336,6,vase,0.69933623,"103,250,149,328"
2,1000,41.708333333333336,7,vase,0.69418156,"82,226,120,281"
2,1000,41.708333333333336,8,knife,0.6550038,"267,281,281,356"
2,1000,41.708333333333336,9,book,0.6491279,"2,163,28,205"
2,1000,41.708333333333336,10,book,0.61856085,"16,177,33,207"
2,1000,41.708333333333336,11,dining table,0.51372594,"1,299,70,358"
2,1000,41.708333333333336,12,cup,0.50314325,"81,225,122,285"
1,800,33.36666666666667,0,bird,0.7648203,"323,216,358,242"
1,4100,171.00416666666666,0,boat,0.8801214,"2,122,130,228"
1,4100,171.00416666666666,1,boat,0.71340925,"0,123,126,165"
1,4100,171.00416666666666,2,boat,0.5843923,"0,161,128,208"
2,2600,108.44166666666668,0,person,0.9981762,"233,75,422,334"
2,2600,108.44166666666668,1,person,0.99792093,"183,54,302,282"
2,2600,108.44166666666668,2,person,0.9924453,"508,62,610,225"
2,2600,108.44166666666668,3,person,0.9800755,"387,66,491,200"
2,2600,108.44166666666668,4,person,0.9723422,"295,52,327,106"
2,2600,108.44166666666668,5,bowl,0.9190897,"46,230,158,288"
2,2600,108.44166666666668,6,person,0.90887624,"365,53,411,108"
2,2600,108.44166666666668,7,bowl,0.7225738,"416,166,569,296"
2,2600,108.44166666666668,8,chair,0.6915413,"387,80,408,126"
2,2600,108.44166666666668,9,cup,0.6385584,"610,147,628,178"
2,2600,108.44166666666668,10,person,0.6362585,"457,47,484,72"
2,2600,108.44166666666668,11,chair,0.61720544,"455,27,512,152"
2,2600,108.44166666666668,12,person,0.5717847,"91,2,121,47"
2,2600,108.44166666666668,13,person,0.57093894,"353,46,370,87"
2,2600,108.44166666666668,14,person,0.50073045,"465,27,512,161"
2,2200,91.75833333333334,0,person,0.99931633,"81,190,253,353"
2,2200,91.75833333333334,1,person,0.99258924,"297,152,484,315"
2,2200,91.75833333333334,2,person,0.9895716,"412,37,532,252"
2,2200,91.75833333333334,3,person,0.9735108,"181,42,243,291"
2,2200,91.75833333333334,4,person,0.9728486,"410,103,447,163"
2,2200,91.75833333333334,5,person,0.97215545,"234,116,307,256"
2,2200,91.75833333333334,6,person,0.96785283,"327,107,375,168"
2,2200,91.75833333333334,7,person,0.9534363,"399,176,485,285"
2,2200,91.75833333333334,8,cup,0.94038093,"457,108,472,129"
2,2200,91.75833333333334,9,bowl,0.7906256,"49,171,97,189"
2,2200,91.75833333333334,10,chair,0.7681511,"459,101,543,253"
2,2200,91.75833333333334,11,person,0.72436076,"241,109,285,166"
2,2200,91.75833333333334,12,chair,0.5848952,"299,168,337,202"
2,3100,129.29583333333335,0,person,0.9988067,"316,44,532,355"
2,3100,129.29583333333335,1,cup,0.97665954,"77,217,118,266"
2,3100,129.29583333333335,2,cup,0.7245908,"48,204,94,253"
2,3100,129.29583333333335,3,bowl,0.69186455,"50,206,95,249"
2,3100,129.29583333333335,4,cup,0.66468817,"168,333,234,359"
2,3100,129.29583333333335,5,cup,0.6566168,"276,196,315,245"
2,3100,129.29583333333335,6,person,0.64524865,"0,153,56,216"
2,3100,129.29583333333335,7,spoon,0.62722856,"327,178,368,263"
3,1400,58.391666666666666,0,bed,0.5718,"3,180,222,357"
1,2300,95.92916666666667,0,traffic light,0.9941322,"1,125,74,241"
3,900,37.5375,0,cell phone,0.91178966,"165,94,572,341"
3,3300,137.6375,0,chair,0.6533888,"561,171,585,204"
3,3300,137.6375,1,bench,0.62209946,"591,185,618,208"
2,1100,45.87916666666667,0,person,0.9983557,"327,19,640,351"
2,1100,45.87916666666667,1,person,0.9975413,"118,0,423,286"
2,1100,45.87916666666667,2,cup,0.97619665,"0,236,14,331"
2,1100,45.87916666666667,3,dining table,0.6092771,"8,265,416,358"
2,1100,45.87916666666667,4,cake,0.58729196,"50,276,334,356"
2,1100,45.87916666666667,5,vase,0.5535985,"32,180,60,212"
2,1100,45.87916666666667,6,potted plant,0.50023043,"572,149,624,194"
2,7500,312.8125,0,person,0.9975956,"55,132,401,357"
2,7500,312.8125,1,person,0.9951691,"554,147,640,320"
2,7500,312.8125,2,person,0.9808014,"366,103,433,261"
2,7500,312.8125,3,person,0.97734785,"73,106,170,269"
2,7500,312.8125,4,person,0.965161,"0,8,100,336"
2,7500,312.8125,5,person,0.9607379,"432,141,640,357"
2,7500,312.8125,6,person,0.9404097,"33,3,110,156"
2,7500,312.8125,7,person,0.9353078,"411,139,455,232"
2,7500,312.8125,8,person,0.8961631,"0,16,80,205"
2,7500,312.8125,9,person,0.89292526,"40,9,111,291"
2,7500,312.8125,10,person,0.88371164,"292,124,357,206"
2,7500,312.8125,11,book,0.8536819,"543,63,581,115"
2,7500,312.8125,12,person,0.8495754,"268,145,396,317"
2,7500,312.8125,13,person,0.8163966,"292,132,371,284"
2,7500,312.8125,14,person,0.78543425,"393,176,466,352"
2,7500,312.8125,15,refrigerator,0.7751411,"297,47,434,164"
2,7500,312.8125,16,person,0.7537208,"402,3,582,354"
2,7500,312.8125,17,person,0.7229259,"177,83,265,152"
2,7500,312.8125,18,person,0.54503876,"62,3,116,133"
2,7500,312.8125,19,person,0.53696936,"351,216,399,336"
2,7500,312.8125,20,person,0.53425485,"290,123,316,144"
2,7500,312.8125,21,person,0.5267495,"55,117,271,317"
2,7500,312.8125,22,book,0.5009764,"580,41,597,110"
1,2800,116.78333333333335,0,sports ball,0.8196537,"446,187,478,211"
2,1800,75.075,0,person,0.99155855,"372,138,454,280"
2,1800,75.075,1,person,0.98774195,"2,0,299,360"
2,1800,75.075,2,person,0.98418,"484,248,590,360"
2,1800,75.075,3,person,0.98417884,"444,180,529,300"
2,1800,75.075,4,person,0.96800876,"213,126,301,252"
2,1800,75.075,5,person,0.9616047,"548,188,640,330"
2,1800,75.075,6,chair,0.9269808,"206,99,264,204"
2,1800,75.075,7,person,0.9125145,"325,162,382,272"
2,1800,75.075,8,person,0.9103124,"528,136,612,241"
2,1800,75.075,9,person,0.900821,"266,90,316,174"
2,1800,75.075,10,person,0.8971253,"285,206,366,299"
2,1800,75.075,11,person,0.86862016,"325,116,391,184"
2,1800,75.075,12,person,0.86821496,"442,94,516,177"
2,1800,75.075,13,bowl,0.8010864,"561,114,598,132"
2,1800,75.075,14,person,0.73002386,"441,121,547,216"
2,1800,75.075,15,bowl,0.63438064,"582,123,619,145"
2,1800,75.075,16,person,0.5850654,"4,1,216,239"
2,1800,75.075,17,chair,0.55775774,"395,56,426,120"
1,1700,70.90416666666667,0,boat,0.7497452,"19,88,143,154"
1,1700,70.90416666666667,1,oven,0.5447701,"596,162,640,200"
2,400,16.683333333333334,0,person,0.9966382,"496,2,605,310"
2,400,16.683333333333334,1,person,0.99647576,"217,57,350,359"
2,400,16.683333333333334,2,person,0.9963911,"160,95,267,356"
2,400,16.683333333333334,3,person,0.9963307,"344,88,439,360"
2,400,16.683333333333334,4,person,0.9825533,"424,92,490,330"
2,400,16.683333333333334,5,person,0.982356,"1,0,170,347"
2,400,16.683333333333334,6,person,0.96144384,"331,72,370,188"
2,400,16.683333333333334,7,person,0.90776545,"213,112,288,343"
2,400,16.683333333333334,8,person,0.87429017,"487,78,517,140"
2,400,16.683333333333334,9,person,0.8112217,"586,81,616,179"
2,400,16.683333333333334,10,potted plant,0.8077293,"414,39,466,114"
2,400,16.683333333333334,11,dining table,0.7965548,"601,161,639,203"
2,400,16.683333333333334,12,person,0.77547497,"473,96,517,287"
2,400,16.683333333333334,13,potted plant,0.61069703,"270,48,327,70"
2,400,16.683333333333334,14,chair,0.5801617,"442,67,465,92"
2,400,16.683333333333334,15,person,0.5757163,"594,77,618,134"
2,400,16.683333333333334,16,person,0.5493856,"368,83,410,107"
2,400,16.683333333333334,17,person,0.51111764,"487,65,548,306"
2,400,16.683333333333334,18,tv,0.5093132,"477,67,506,91"
2,6600,275.27500000000003,0,person,0.9986136,"237,9,640,357"
2,6600,275.27500000000003,1,dining table,0.86434346,"0,264,436,355"
2,6600,275.27500000000003,2,cup,0.7530303,"199,89,247,154"
2,6200,258.5916666666667,0,person,0.9917645,"0,81,260,332"
2,6200,258.5916666666667,1,person,0.9853571,"13,2,449,125"
2,6200,258.5916666666667,2,bottle,0.9155567,"345,124,409,304"
2,6200,258.5916666666667,3,cup,0.7250717,"208,255,305,349"
2,6200,258.5916666666667,4,book,0.6566248,"509,291,567,306"
2,6200,258.5916666666667,5,dining table,0.5077831,"1,256,446,355"
2,600,25.025000000000002,0,person,0.9998222,"392,81,526,328"
2,600,25.025000000000002,1,person,0.99875486,"211,71,286,325"
2,600,25.025000000000002,2,person,0.99856454,"287,80,379,334"
2,600,25.025000000000002,3,person,0.99833965,"495,93,597,325"
2,600,25.025000000000002,4,person,0.9969838,"16,106,99,333"
2,600,25.025000000000002,5,person,0.99553347,"1,107,57,318"
2,600,25.025000000000002,6,person,0.99436647,"127,107,180,320"
2,600,25.025000000000002,7,person,0.9938938,"165,115,219,328"
2,600,25.025000000000002,8,person,0.9937097,"78,95,154,320"
2,600,25.025000000000002,9,person,0.9887925,"579,97,639,318"
1,2900,120.95416666666667,0,boat,0.57235867,"57,279,69,290"
2,7400,308.6416666666667,0,person,0.9981178,"438,143,562,332"
2,7400,308.6416666666667,1,person,0.99628484,"328,167,457,355"
2,7400,308.6416666666667,2,person,0.98923254,"209,205,323,355"
2,7400,308.6416666666667,3,person,0.9789836,"200,57,248,150"
2,7400,308.6416666666667,4,person,0.97769994,"213,97,288,187"
2,7400,308.6416666666667,5,person,0.9664918,"351,76,447,178"
2,7400,308.6416666666667,6,person,0.96360695,"333,72,387,161"
2,7400,308.6416666666667,7,person,0.9473521,"116,85,162,135"
2,7400,308.6416666666667,8,person,0.9469726,"263,110,346,249"
2,7400,308.6416666666667,9,person,0.9466822,"1,41,244,355"
2,7400,308.6416666666667,10,person,0.93829304,"439,108,512,217"
2,7400,308.6416666666667,11,bowl,0.91254973,"347,52,377,67"
2,7400,308.6416666666667,12,person,0.8955916,"363,123,440,237"
2,7400,308.6416666666667,13,book,0.8742316,"471,97,520,109"
2,7400,308.6416666666667,14,book,0.857978,"514,22,576,74"
2,7400,308.6416666666667,15,bowl,0.80868036,"555,119,610,146"
2,7400,308.6416666666667,16,chair,0.7177002,"183,16,211,81"
2,7400,308.6416666666667,17,book,0.64770216,"473,85,522,101"
2,7400,308.6416666666667,18,person,0.64111143,"155,104,206,139"
2,7400,308.6416666666667,19,book,0.63889146,"562,23,634,84"
2,7400,308.6416666666667,20,bowl,0.5328413,"593,180,632,201"
1,4400,183.51666666666668,0,person,0.95415246,"582,0,639,263"
1,4400,183.51666666666668,1,umbrella,0.5387748,"0,11,111,262"
2,4300,179.34583333333333,0,person,0.9990702,"102,27,341,354"
2,4300,179.34583333333333,1,person,0.9966276,"370,36,622,350"
2,4300,179.34583333333333,2,person,0.9557359,"572,45,640,317"
2,4300,179.34583333333333,3,person,0.6959674,"501,48,630,334"
2,4300,179.34583333333333,4,person,0.66573346,"297,81,323,127"
1,1400,58.39166666666667,0,broccoli,0.75179636,"434,179,618,291"
2,900,37.5375,0,person,0.9964986,"131,0,420,356"
2,900,37.5375,1,person,0.99635005,"494,3,639,357"
2,900,37.5375,2,potted plant,0.92095226,"51,110,140,241"
2,900,37.5375,3,spoon,0.8986433,"496,263,524,292"
2,900,37.5375,4,handbag,0.8968418,"283,227,355,319"
2,900,37.5375,5,spoon,0.8680263,"494,243,539,296"
2,900,37.5375,6,vase,0.7947664,"88,167,138,240"
2,900,37.5375,7,oven,0.6406452,"400,178,546,347"
2,900,37.5375,8,tie,0.62339354,"133,109,231,222"
2,900,37.5375,9,cell phone,0.5400303,"403,183,500,218"
2,6900,287.7875,0,person,0.9985846,"299,91,484,273"
2,6900,287.7875,1,person,0.99564135,"0,125,123,301"
2,6900,287.7875,2,person,0.9901652,"2,77,353,357"
2,6900,287.7875,3,cup,0.9764109,"376,247,415,293"
2,6900,287.7875,4,dining table,0.9652523,"304,266,635,354"
2,6900,287.7875,5,cup,0.7349979,"308,263,345,284"
2,6900,287.7875,6,person,0.67965204,"0,101,20,208"
2,6900,287.7875,7,dining table,0.6338464,"57,254,640,356"
2,6900,287.7875,8,cup,0.6113076,"600,169,631,201"
2,4700,196.02916666666667,0,person,0.99589044,"387,1,640,339"
2,4700,196.02916666666667,1,person,0.9941241,"115,15,471,360"
2,4700,196.02916666666667,2,person,0.95966256,"0,167,115,358"
2,4700,196.02916666666667,3,person,0.50469166,"453,0,494,49"
3,1100,45.87916666666666,0,car,0.9989741,"1,130,255,236"
3,1100,45.87916666666666,1,car,0.9929496,"271,135,338,172"
3,1100,45.87916666666666,2,car,0.9923334,"433,131,497,163"
3,1100,45.87916666666666,3,car,0.9912445,"366,136,407,163"
3,1100,45.87916666666666,4,car,0.99056834,"328,136,374,165"
3,1100,45.87916666666666,5,car,0.9848631,"481,132,510,152"
3,1100,45.87916666666666,6,car,0.9810465,"401,136,438,159"
3,1100,45.87916666666666,7,car,0.97928655,"191,127,273,173"
3,1100,45.87916666666666,8,car,0.9744591,"571,135,638,355"
3,1100,45.87916666666666,9,car,0.9630004,"508,135,533,149"
3,1100,45.87916666666666,10,car,0.92341465,"1,127,106,164"
3,1100,45.87916666666666,11,car,0.90500224,"534,132,559,146"
3,1100,45.87916666666666,12,car,0.70774233,"569,134,593,142"
3,1100,45.87916666666666,13,person,0.6241792,"95,149,123,166"
3,1800,75.075,0,person,0.99518716,"388,286,422,357"
3,1800,75.075,1,person,0.9949622,"465,279,502,351"
3,1800,75.075,2,person,0.9877302,"153,307,186,359"
3,1800,75.075,3,person,0.98658085,"281,308,311,349"
3,1800,75.075,4,person,0.95393926,"573,302,608,333"
3,1800,75.075,5,person,0.9236542,"500,295,527,330"
3,1800,75.075,6,chair,0.91501147,"551,311,578,351"
3,1800,75.075,7,chair,0.87002456,"531,311,557,344"
3,1800,75.075,8,bench,0.863084,"6,340,31,359"
3,1800,75.075,9,bench,0.84231657,"157,328,197,360"
3,1800,75.075,10,chair,0.7628916,"572,320,609,353"
3,1800,75.075,11,person,0.70524937,"419,305,449,343"
3,1800,75.075,12,chair,0.6331885,"606,324,637,356"
3,1800,75.075,13,chair,0.62722147,"447,315,480,342"
3,1800,75.075,14,chair,0.57051474,"500,313,527,336"
3,1800,75.075,15,person,0.5671007,"608,289,624,313"
3,1800,75.075,16,bench,0.54348683,"0,334,20,357"
3,1800,75.075,17,person,0.50591826,"524,290,535,303"
2,6700,279.4458333333333,0,person,0.99849474,"198,18,618,359"
2,6700,279.4458333333333,1,vase,0.8047197,"198,96,249,189"
2,6700,279.4458333333333,2,person,0.5744582,"7,71,34,184"
2,6700,279.4458333333333,3,person,0.5316297,"26,53,74,175"
3,400,16.683333333333334,0,kite,0.55417126,"13,0,598,342"
2,3600,150.15,0,person,0.79033643,"3,17,321,355"
2,5500,229.39583333333334,0,person,0.998431,"300,46,457,237"
2,5500,229.39583333333334,1,person,0.99293983,"59,157,146,340"
2,5500,229.39583333333334,2,cup,0.9761613,"563,146,588,174"
2,5500,229.39583333333334,3,dining table,0.9742018,"157,206,589,351"
2,5500,229.39583333333334,4,cup,0.96694916,"300,226,339,262"
2,5500,229.39583333333334,5,cup,0.9616815,"357,232,386,279"
2,5500,229.39583333333334,6,person,0.96061635,"461,59,546,129"
2,5500,229.39583333333334,7,person,0.9277976,"98,253,227,358"
2,5500,229.39583333333334,8,bowl,0.84030724,"325,248,352,270"
2,5500,229.39583333333334,9,tv,0.83629864,"502,52,543,90"
2,5500,229.39583333333334,10,book,0.7542828,"0,225,39,263"
2,5500,229.39583333333334,11,tv,0.7490082,"450,50,479,83"
2,5500,229.39583333333334,12,book,0.7160888,"95,97,149,164"
2,5500,229.39583333333334,13,book,0.7068579,"0,201,40,231"
2,5500,229.39583333333334,14,cup,0.6886643,"461,125,475,146"
2,5500,229.39583333333334,15,book,0.6443662,"1,291,53,317"
2,5500,229.39583333333334,16,book,0.640867,"0,241,46,283"
2,5500,229.39583333333334,17,cup,0.56954986,"336,147,374,202"
3,500,20.854166666666664,0,car,0.97973734,"367,342,413,356"
3,500,20.854166666666664,1,car,0.97630614,"538,311,585,332"
3,500,20.854166666666664,2,car,0.9698972,"143,327,183,346"
3,500,20.854166666666664,3,car,0.95597565,"265,282,300,296"
3,500,20.854166666666664,4,car,0.94233483,"386,322,440,342"
3,500,20.854166666666664,5,car,0.9263363,"28,317,64,332"
3,500,20.854166666666664,6,car,0.92495096,"370,332,421,353"
3,500,20.854166666666664,7,car,0.8904887,"105,343,148,359"
3,500,20.854166666666664,8,car,0.82174796,"422,315,452,328"
3,500,20.854166666666664,9,car,0.81269014,"288,271,322,285"
3,500,20.854166666666664,10,car,0.8052108,"490,272,520,282"
3,500,20.854166666666664,11,car,0.74452317,"553,233,585,245"
3,500,20.854166666666664,12,car,0.74336505,"398,315,450,332"
3,500,20.854166666666664,13,car,0.7309728,"465,280,505,295"
3,500,20.854166666666664,14,car,0.6894848,"455,306,478,317"
3,500,20.854166666666664,15,car,0.6747916,"432,308,455,324"
3,500,20.854166666666664,16,car,0.6221443,"540,246,565,256"
3,500,20.854166666666664,17,car,0.61167985,"590,207,623,221"
3,500,20.854166666666664,18,car,0.58760715,"573,222,606,231"
3,500,20.854166666666664,19,car,0.56281817,"629,255,640,269"
3,500,20.854166666666664,20,car,0.559313,"591,212,617,222"
3,500,20.854166666666664,21,car,0.54056245,"444,297,466,307"
3,500,20.854166666666664,22,car,0.5165058,"491,264,540,279"
3,800,33.36666666666667,0,person,0.9985856,"286,192,391,359"
3,800,33.36666666666667,1,person,0.99795663,"469,184,537,359"
3,800,33.36666666666667,2,traffic light,0.9967007,"18,44,49,92"
3,800,33.36666666666667,3,person,0.99147624,"181,192,194,221"
3,800,33.36666666666667,4,traffic light,0.9862401,"137,70,155,112"
3,800,33.36666666666667,5,dog,0.97655815,"583,298,637,359"
3,800,33.36666666666667,6,backpack,0.972585,"231,223,266,261"
3,800,33.36666666666667,7,traffic light,0.9506663,"164,126,181,152"
3,800,33.36666666666667,8,person,0.9480447,"283,196,304,234"
3,800,33.36666666666667,9,bicycle,0.94511294,"619,216,639,238"
3,800,33.36666666666667,10,person,0.8979104,"228,203,279,272"
3,800,33.36666666666667,11,person,0.83606625,"201,195,210,214"
3,800,33.36666666666667,12,handbag,0.81252176,"271,253,298,296"
3,800,33.36666666666667,13,traffic light,0.81152904,"136,129,148,153"
3,800,33.36666666666667,14,person,0.80290097,"527,208,538,227"
3,800,33.36666666666667,15,car,0.7691638,"243,186,258,197"
3,800,33.36666666666667,16,car,0.714927,"2,168,254,328"
3,800,33.36666666666667,17,car,0.57082087,"208,186,224,197"
3,800,33.36666666666667,18,person,0.50657,"552,207,561,224"
2,6300,262.7625,0,person,0.9910653,"1,83,260,308"
2,6300,262.7625,1,cup,0.9517289,"209,259,307,352"
2,6300,262.7625,2,person,0.94067377,"5,3,371,154"
2,6300,262.7625,3,bottle,0.9304273,"348,125,410,301"
2,6300,262.7625,4,person,0.5235861,"0,135,30,240"
2,3500,145.97916666666669,0,person,0.99862266,"341,1,550,345"
2,3500,145.97916666666669,1,bowl,0.9861559,"172,33,374,104"
2,3500,145.97916666666669,2,dining table,0.77716494,"3,70,367,349"
2,3500,145.97916666666669,3,knife,0.69425356,"355,210,407,272"
2,3500,145.97916666666669,4,scissors,0.62726563,"354,210,415,303"
2,7300,304.47083333333336,0,person,0.98883164,"499,161,631,346"
2,7300,304.47083333333336,1,person,0.9859125,"0,3,265,348"
2,7300,304.47083333333336,2,person,0.9830952,"293,119,382,271"
2,7300,304.47083333333336,3,person,0.9712821,"252,91,326,187"
2,7300,304.47083333333336,4,person,0.9654223,"379,83,478,173"
2,7300,304.47083333333336,5,person,0.9602372,"484,128,579,247"
2,7300,304.47083333333336,6,person,0.9539359,"350,192,464,358"
2,7300,304.47083333333336,7,bowl,0.95298386,"409,62,440,77"
2,7300,304.47083333333336,8,person,0.9160739,"251,63,297,137"
2,7300,304.47083333333336,9,person,0.9141564,"411,127,509,281"
2,7300,304.47083333333336,10,book,0.88223845,"528,113,583,128"
2,7300,304.47083333333336,11,person,0.8666389,"262,215,336,358"
2,7300,304.47083333333336,12,person,0.7986878,"151,75,179,128"
2,7300,304.47083333333336,13,bowl,0.795948,"386,81,413,101"
2,7300,304.47083333333336,14,book,0.78617084,"581,37,638,91"
2,7300,304.47083333333336,15,person,0.78600883,"158,83,216,129"
2,7300,304.47083333333336,16,book,0.78030044,"532,100,588,118"
2,7300,304.47083333333336,17,book,0.7505677,"552,23,617,77"
2,7300,304.47083333333336,18,person,0.7296754,"231,63,307,152"
2,7300,304.47083333333336,19,person,0.7132528,"174,118,274,286"
2,7300,304.47083333333336,20,book,0.70323277,"531,107,584,122"
2,3300,137.63750000000002,0,person,0.9980552,"333,1,615,353"
2,3300,137.63750000000002,1,dining table,0.8094604,"163,225,417,356"
2,3300,137.63750000000002,2,knife,0.6941819,"312,173,345,240"
2,3300,137.63750000000002,3,dining table,0.6349825,"7,1,430,338"
2,3300,137.63750000000002,4,cake,0.5972021,"169,241,404,355"
2,3700,154.32083333333335,0,person,0.9990038,"3,156,147,359"
2,3700,154.32083333333335,1,person,0.9989372,"453,145,606,355"
2,3700,154.32083333333335,2,person,0.99872464,"155,5,416,358"
2,3700,154.32083333333335,3,person,0.8858898,"609,249,639,333"
2,3700,154.32083333333335,4,teddy bear,0.640781,"249,113,357,205"
3,2200,91.75833333333333,0,bird,0.96920156,"392,240,467,278"
1,1300,54.22083333333334,0,person,0.99950695,"6,50,411,355"
1,1300,54.22083333333334,1,sports ball,0.83262885,"449,239,468,258"
1,1200,50.050000000000004,0,bird,0.6545917,"106,267,124,282"
1,1200,50.050000000000004,1,person,0.62322205,"559,176,579,194"
2,1900,79.24583333333334,0,person,0.9836549,"190,30,601,350"
2,1900,79.24583333333334,1,person,0.96392685,"214,194,468,355"
2,1900,79.24583333333334,2,person,0.9560333,"0,26,259,352"
1,3200,133.46666666666667,0,kite,0.6810532,"363,156,614,346"
2,7000,291.95833333333337,0,person,0.9973226,"107,3,411,349"
2,7000,291.95833333333337,1,chair,0.98305815,"41,191,136,358"
2,7000,291.95833333333337,2,dining table,0.95810556,"126,276,640,354"
2,7000,291.95833333333337,3,person,0.9537262,"470,1,566,168"
2,7000,291.95833333333337,4,person,0.8617936,"560,161,639,286"
2,7000,291.95833333333337,5,chair,0.7342157,"293,157,416,287"
2,7000,291.95833333333337,6,person,0.70482296,"0,164,47,354"
2,7000,291.95833333333337,7,person,0.66520745,"551,4,640,220"
2,7000,291.95833333333337,8,bottle,0.500343,"336,8,395,132"
1,4000,166.83333333333334,0,person,0.9695963,"179,329,200,350"
1,4000,166.83333333333334,1,person,0.9315575,"286,318,299,343"
1,4000,166.83333333333334,2,person,0.89252913,"297,320,313,345"
1,4000,166.83333333333334,3,person,0.8616368,"55,305,65,320"
1,4000,166.83333333333334,4,umbrella,0.8309929,"418,272,439,279"
1,4000,166.83333333333334,5,person,0.8189923,"347,324,363,346"
1,4000,166.83333333333334,6,person,0.7259624,"401,332,413,342"
1,4000,166.83333333333334,7,person,0.54636043,"26,287,34,308"
1,4000,166.83333333333334,8,person,0.528468,"313,302,323,320"
2,5000,208.54166666666669,0,person,0.9978067,"113,138,297,323"
2,5000,208.54166666666669,1,person,0.9933836,"424,19,639,360"
2,5000,208.54166666666669,2,person,0.91346383,"0,256,70,346"
2,5000,208.54166666666669,3,sports ball,0.78502923,"122,273,159,308"
2,6500,271.1041666666667,0,person,0.9992142,"0,20,255,356"
2,6500,271.1041666666667,1,person,0.99651414,"368,67,529,243"
2,6500,271.1041666666667,2,cup,0.99345833,"353,206,385,245"
2,6500,271.1041666666667,3,person,0.9862461,"154,142,257,240"
2,6500,271.1041666666667,4,dining table,0.9591658,"124,214,582,346"
2,6500,271.1041666666667,5,bottle,0.952497,"279,172,300,233"
2,6500,271.1041666666667,6,person,0.92514867,"586,29,640,360"
2,6500,271.1041666666667,7,cup,0.8989891,"269,216,294,240"
2,6500,271.1041666666667,8,potted plant,0.78126967,"540,69,590,132"
2,6500,271.1041666666667,9,potted plant,0.7768778,"499,77,572,186"
2,6500,271.1041666666667,10,person,0.76329213,"588,191,639,356"
2,6500,271.1041666666667,11,cup,0.6269084,"308,204,333,234"
2,6500,271.1041666666667,12,bottle,0.5185415,"351,322,370,359"
2,6400,266.93333333333334,0,person,0.99822885,"1,31,221,359"
2,6400,266.93333333333334,1,person,0.99780625,"367,60,519,237"
2,6400,266.93333333333334,2,cup,0.99359095,"339,200,372,241"
2,6400,266.93333333333334,3,bottle,0.9686775,"267,167,287,230"
2,6400,266.93333333333334,4,person,0.9635672,"131,137,232,237"
2,6400,266.93333333333334,5,dining table,0.9487222,"115,212,582,354"
2,6400,266.93333333333334,6,cup,0.94757086,"256,212,281,237"
2,6400,266.93333333333334,7,person,0.88666725,"546,180,640,355"
2,6400,266.93333333333334,8,handbag,0.84505105,"397,23,416,93"
2,6400,266.93333333333334,9,remote,0.7416258,"556,221,583,234"
2,6400,266.93333333333334,10,chair,0.69097966,"324,138,361,186"
2,6400,266.93333333333334,11,potted plant,0.6745801,"531,64,575,128"
2,6400,266.93333333333334,12,potted plant,0.60632396,"493,74,556,181"
2,6400,266.93333333333334,13,person,0.5360592,"108,138,234,358"
2,6400,266.93333333333334,14,remote,0.5341248,"553,221,583,250"
2,2700,112.61250000000001,0,person,0.9983412,"230,79,426,335"
2,2700,112.61250000000001,1,person,0.9941257,"173,49,303,274"
2,2700,112.61250000000001,2,person,0.9870821,"471,74,614,249"
2,2700,112.61250000000001,3,person,0.96988255,"297,49,327,106"
2,2700,112.61250000000001,4,bowl,0.929022,"411,164,569,296"
2,2700,112.61250000000001,5,person,0.8728738,"366,70,415,157"
2,2700,112.61250000000001,6,bowl,0.8556759,"45,228,158,286"
2,2700,112.61250000000001,7,person,0.8348339,"384,51,415,83"
2,2700,112.61250000000001,8,sink,0.66787153,"405,167,517,202"
2,2700,112.61250000000001,9,remote,0.59767073,"154,118,205,142"
2,1600,66.73333333333333,0,person,0.9996866,"144,4,406,355"
2,1600,66.73333333333333,1,person,0.99726033,"496,151,591,279"
2,1600,66.73333333333333,2,person,0.9852974,"405,164,479,264"
2,1600,66.73333333333333,3,person,0.98527616,"203,265,322,358"
2,1600,66.73333333333333,4,bottle,0.9361246,"413,255,431,301"
2,1600,66.73333333333333,5,bottle,0.9299917,"397,268,416,306"
2,1600,66.73333333333333,6,dining table,0.92940736,"300,248,640,359"
2,1600,66.73333333333333,7,bottle,0.9007017,"375,254,394,303"
2,1600,66.73333333333333,8,person,0.88609993,"496,163,530,210"
2,1600,66.73333333333333,9,bowl,0.85965234,"426,304,482,340"
2,1600,66.73333333333333,10,cup,0.8340754,"342,305,366,344"
2,1600,66.73333333333333,11,cup,0.80138177,"370,303,397,336"
2,1600,66.73333333333333,12,bowl,0.7252535,"399,303,513,356"
2,1600,66.73333333333333,13,cup,0.71233994,"359,259,380,287"
2,1600,66.73333333333333,14,cup,0.6823747,"373,324,398,352"
2,1600,66.73333333333333,15,book,0.6459732,"535,139,569,149"
2,1600,66.73333333333333,16,handbag,0.62352586,"319,171,411,239"
2,1600,66.73333333333333,17,backpack,0.5537532,"1,290,63,360"
2,3200,133.46666666666667,0,person,0.9987037,"270,4,527,352"
2,3200,133.46666666666667,1,bowl,0.98400635,"162,85,362,158"
2,3200,133.46666666666667,2,dining table,0.7443513,"4,119,351,349"
2,3200,133.46666666666667,3,tv,0.7217402,"159,1,325,70"
2,7100,296.12916666666666,0,person,0.9990509,"162,43,399,329"
2,7100,296.12916666666666,1,person,0.8213811,"70,337,99,359"
2,7100,296.12916666666666,2,book,0.66721773,"10,268,186,356"
2,4000,166.83333333333334,0,person,0.99823976,"0,126,108,301"
2,4000,166.83333333333334,1,person,0.9977125,"46,57,228,285"
2,4000,166.83333333333334,2,person,0.99638957,"222,113,331,271"
2,4000,166.83333333333334,3,person,0.99510384,"489,108,640,357"
2,4000,166.83333333333334,4,person,0.9950033,"306,113,452,269"
2,4000,166.83333333333334,5,person,0.99496824,"382,107,544,318"
2,4000,166.83333333333334,6,tv,0.9756621,"93,10,163,76"
2,4000,166.83333333333334,7,teddy bear,0.933059,"155,143,219,210"
2,4000,166.83333333333334,8,chair,0.90673363,"96,77,127,114"
2,4000,166.83333333333334,9,refrigerator,0.7404871,"12,63,90,172"
2,4000,166.83333333333334,10,vase,0.6724771,"428,37,447,67"
2,4000,166.83333333333334,11,potted plant,0.6286236,"421,0,459,67"
2,4000,166.83333333333334,12,person,0.6200285,"579,255,639,359"
2,4000,166.83333333333334,13,potted plant,0.58096486,"394,17,425,66"
2,4000,166.83333333333334,14,book,0.537701,"574,0,587,64"
2,4000,166.83333333333334,15,book,0.52504957,"583,0,596,64"
1,5000,208.54166666666669,0,boat,0.7187355,"213,221,403,356"
3,100,4.170833333333333,0,car,0.7387742,"35,262,188,354"
3,100,4.170833333333333,1,bus,0.6860443,"3,17,385,354"
3,100,4.170833333333333,2,car,0.5719229,"277,77,298,92"
3,100,4.170833333333333,3,train,0.5286325,"140,2,639,356"
3,3400,141.80833333333334,0,chair,0.79346603,"544,168,572,205"
3,3400,141.80833333333334,1,sports ball,0.7326766,"232,91,255,121"
3,0,0.0,0,train,0.9394689,"145,16,640,329"
2,2300,95.92916666666667,0,person,0.7964005,"8,1,333,321"
2,2300,95.92916666666667,1,person,0.5760005,"3,4,123,358"
1,2200,91.75833333333334,0,car,0.99207556,"364,340,406,359"
1,2200,91.75833333333334,1,car,0.98533475,"408,331,450,350"
1,2200,91.75833333333334,2,car,0.97850275,"268,314,283,327"
1,2200,91.75833333333334,3,car,0.97541434,"23,334,69,354"
1,2200,91.75833333333334,4,car,0.9681175,"553,330,599,349"
1,2200,91.75833333333334,5,car,0.96303093,"224,256,236,265"
1,2200,91.75833333333334,6,car,0.90784544,"575,306,615,325"
1,2200,91.75833333333334,7,car,0.902218,"523,299,542,314"
1,2200,91.75833333333334,8,car,0.8596514,"373,308,390,322"
1,2200,91.75833333333334,9,car,0.8531117,"432,304,450,319"
1,2200,91.75833333333334,10,car,0.8525273,"541,323,577,338"
1,2200,91.75833333333334,11,car,0.84552175,"364,322,406,341"
1,2200,91.75833333333334,12,car,0.84045947,"323,309,336,323"
1,2200,91.75833333333334,13,car,0.8393677,"289,311,303,325"
1,2200,91.75833333333334,14,car,0.83742297,"468,299,487,316"
1,2200,91.75833333333334,15,car,0.836321,"331,320,356,342"
1,2200,91.75833333333334,16,car,0.82378316,"408,304,426,319"
1,2200,91.75833333333334,17,car,0.81768423,"393,307,409,323"
1,2200,91.75833333333334,18,truck,0.7467359,"196,282,223,305"
1,2200,91.75833333333334,19,car,0.73725927,"239,246,247,254"
1,2200,91.75833333333334,20,truck,0.7037154,"72,310,138,345"
1,2200,91.75833333333334,21,car,0.6972494,"265,248,272,254"
1,2200,91.75833333333334,22,car,0.6524798,"569,293,592,307"
1,2200,91.75833333333334,23,car,0.63888806,"548,295,566,311"
1,2200,91.75833333333334,24,car,0.629328,"611,287,632,303"
1,2200,91.75833333333334,25,car,0.5674537,"481,227,490,234"
1,2200,91.75833333333334,26,truck,0.5620234,"611,288,632,302"
1,2200,91.75833333333334,27,car,0.55952024,"199,295,214,308"
1,2200,91.75833333333334,28,car,0.5319199,"264,231,276,238"
1,2200,91.75833333333334,29,car,0.5213309,"494,295,518,314"
1,2200,91.75833333333334,30,truck,0.5210789,"197,287,215,308"
2,6800,283.6166777777778,0,person,0.9973411,"40,0,442,233"
2,6800,283.6166777777778,1,cup,0.98140645,"0,194,107,303"
2,6800,283.6166777777778,2,dining table,0.9660121,"9,149,623,349"
2,6800,283.6166777777778,3,cup,0.9645862,"52,264,137,357"
2,6800,283.6166777777778,4,spoon,0.9289849,"97,260,127,311"
2,6800,283.6166777777778,5,bottle,0.6483722,"160,211,246,353"
1,2700,112.61250000000001,0,fire hydrant,0.99571407,"549,51,598,154"
1,2700,112.61250000000001,1,person,0.9113336,"607,35,639,127"
1,2700,112.61250000000001,2,car,0.7549587,"302,56,315,67"
1,2700,112.61250000000001,3,car,0.73653525,"314,14,446,105"
1,2700,112.61250000000001,4,car,0.6945712,"188,56,213,65"
1,2700,112.61250000000001,5,car,0.6728616,"453,61,465,68"
1,2700,112.61250000000001,6,truck,0.61356664,"315,13,446,107"
1,2700,112.61250000000001,7,car,0.5183381,"205,57,216,64"
2,1700,70.90416666666667,0,person,0.9981164,"169,2,402,352"
2,1700,70.90416666666667,1,handbag,0.8979413,"123,131,196,283"
2,1700,70.90416666666667,2,backpack,0.61147904,"481,179,560,299"
2,1700,70.90416666666667,3,handbag,0.60286885,"62,134,132,294"
2,1700,70.90416666666667,4,handbag,0.5803937,"424,134,460,246"
2,1700,70.90416666666667,5,handbag,0.51943475,"477,179,557,298"
2,5800,241.90833333333333,0,cup,0.993566,"116,278,212,358"
2,5800,241.90833333333333,1,person,0.9561718,"127,2,638,337"
2,5800,241.90833333333333,2,person,0.9341518,"3,0,380,287"
2,5800,241.90833333333333,3,chair,0.7815454,"535,53,640,203"
2,5800,241.90833333333333,4,vase,0.7628089,"302,179,416,349"
2,5800,241.90833333333333,5,person,0.7442621,"0,4,320,138"
2,5800,241.90833333333333,6,cell phone,0.6753958,"101,89,341,244"
2,5800,241.90833333333333,7,cup,0.5323545,"1,243,90,359"
1,3300,137.63750000000002,0,kite,0.7210641,"361,160,614,347"
3,1000,41.70833333333333,0,car,0.9948096,"276,235,340,260"
3,1000,41.70833333333333,1,person,0.9942942,"17,307,40,351"
3,1000,41.70833333333333,2,person,0.98906726,"53,290,74,332"
3,1000,41.70833333333333,3,person,0.98334485,"37,298,56,337"
3,1000,41.70833333333333,4,car,0.9817504,"239,226,293,249"
3,1000,41.70833333333333,5,car,0.9665247,"208,216,258,238"
3,1000,41.70833333333333,6,car,0.9593055,"256,280,364,345"
3,1000,41.70833333333333,7,car,0.9580617,"163,292,271,359"
3,1000,41.70833333333333,8,car,0.9382793,"116,278,185,328"
3,1000,41.70833333333333,9,car,0.9157027,"4,170,35,181"
3,1000,41.70833333333333,10,car,0.76093704,"68,249,126,280"
3,1000,41.70833333333333,11,traffic light,0.7381332,"25,146,31,153"
3,1000,41.70833333333333,12,car,0.71836627,"50,234,86,265"
3,1000,41.70833333333333,13,car,0.7055173,"33,227,64,251"
3,1000,41.70833333333333,14,traffic light,0.6791818,"9,143,14,149"
3,1000,41.70833333333333,15,car,0.6633581,"24,220,51,243"
3,1000,41.70833333333333,16,car,0.5979094,"102,278,123,299"
3,1000,41.70833333333333,17,car,0.58651716,"0,196,12,208"
3,1000,41.70833333333333,18,car,0.5783453,"9,213,35,230"
2,3900,162.6625,0,person,0.99837613,"231,99,450,358"
2,3900,162.6625,1,person,0.99816304,"1,154,178,354"
2,3900,162.6625,2,person,0.98879075,"391,122,575,358"
2,3900,162.6625,3,person,0.91449344,"511,181,638,357"
2,3900,162.6625,4,book,0.53089577,"207,169,304,197"
2,3900,162.6625,5,tv,0.50333834,"27,35,126,108"
2,800,33.36666666666667,0,person,0.9996904,"369,79,506,321"
2,800,33.36666666666667,1,person,0.99915624,"227,79,336,316"
2,800,33.36666666666667,2,person,0.999019,"563,90,640,323"
2,800,33.36666666666667,3,person,0.99881554,"43,69,136,313"
2,800,33.36666666666667,4,person,0.998314,"131,62,211,319"
2,800,33.36666666666667,5,person,0.9962424,"0,97,66,311"
3,200,8.341666666666667,0,person,0.9996667,"89,45,552,356"
3,200,8.341666666666667,1,tie,0.5717027,"314,223,404,261"
3,200,8.341666666666667,2,cell phone,0.56512797,"189,259,228,305"
2,1200,50.050000000000004,0,person,0.998458,"274,55,640,356"
2,1200,50.050000000000004,1,person,0.9824311,"16,10,387,359"
2,1200,50.050000000000004,2,person,0.64346135,"250,184,384,353"
2,1200,50.050000000000004,3,tie,0.5091306,"467,292,533,318"
1,3700,154.32083333333335,0,frisbee,0.98425955,"279,25,386,128"
1,4300,179.34583333333333,0,vase,0.8344922,"519,219,640,355"
1,4300,179.34583333333333,1,potted plant,0.5647814,"463,25,640,354"
2,3000,125.125,0,person,0.99703133,"377,75,600,353"
2,3000,125.125,1,cup,0.95090604,"321,237,363,281"
2,3000,125.125,2,spoon,0.92665714,"379,206,426,287"
2,3000,125.125,3,person,0.88099045,"50,268,143,359"
2,3000,125.125,4,bottle,0.8637686,"0,276,44,358"
2,3000,125.125,5,cup,0.8220463,"114,239,158,285"
2,3000,125.125,6,bowl,0.6592395,"85,228,133,269"
2,3000,125.125,7,person,0.6408109,"52,270,236,360"
2,3000,125.125,8,cup,0.60165584,"80,227,133,275"
3,2500,104.27083333333333,0,cell phone,0.91616267,"174,81,585,353"
2,5100,212.7125,0,person,0.9981504,"280,4,375,291"
2,5100,212.7125,1,person,0.99695134,"424,109,559,223"
2,5100,212.7125,2,person,0.9924629,"472,22,496,86"
2,5100,212.7125,3,person,0.925002,"193,15,224,80"
2,5100,212.7125,4,person,0.8864818,"516,25,532,85"
2,5100,212.7125,5,person,0.8446964,"28,4,53,87"
2,5100,212.7125,6,person,0.6885172,"3,5,52,68"
2,5100,212.7125,7,bench,0.64440995,"577,14,639,142"
2,5100,212.7125,8,car,0.5772503,"340,315,558,356"
2,5600,233.56667777777778,0,person,0.9973162,"145,0,640,304"
2,5600,233.56667777777778,1,cup,0.9744028,"321,173,439,309"
2,5600,233.56667777777778,2,cup,0.9618234,"125,230,226,321"
2,5600,233.56667777777778,3,person,0.93050516,"123,0,412,256"
2,5600,233.56667777777778,4,bottle,0.7467061,"224,84,367,273"
2,5600,233.56667777777778,5,dining table,0.6506036,"41,238,640,350"
3,300,12.5125,0,kite,0.9489323,"207,11,390,239"
3,300,12.5125,1,kite,0.6755367,"291,170,405,245"
3,300,12.5125,2,person,0.5863645,"423,201,599,356"
3,300,12.5125,3,bus,0.5749865,"180,4,637,352"
3,300,12.5125,4,traffic light,0.54623705,"410,190,453,245"
2,5700,237.73751111111113,0,person,0.99639857,"126,1,639,343"
2,5700,237.73751111111113,1,bottle,0.91180354,"117,59,343,203"
2,5700,237.73751111111113,2,cup,0.89136183,"123,274,223,358"
2,5700,237.73751111111113,3,person,0.8831923,"68,3,378,199"
2,5700,237.73751111111113,4,vase,0.6622926,"312,162,432,350"
2,5700,237.73751111111113,5,cake,0.6081963,"308,128,432,348"
2,5700,237.73751111111113,6,tie,0.5897314,"441,87,498,263"
2,5700,237.73751111111113,7,cup,0.5726697,"0,244,100,358"
2,5700,237.73751111111113,8,remote,0.533876,"143,75,335,190"
2,2000,83.41666666666667,0,person,0.99645066,"127,224,244,358"
2,2000,83.41666666666667,1,person,0.99167293,"245,166,321,265"
2,2000,83.41666666666667,2,person,0.9914779,"212,94,277,234"
2,2000,83.41666666666667,3,person,0.991327,"429,54,555,270"
2,2000,83.41666666666667,4,person,0.9672124,"152,173,199,247"
2,2000,83.41666666666667,5,person,0.9590512,"316,164,485,340"
2,2000,83.41666666666667,6,laptop,0.95162624,"362,159,390,180"
2,2000,83.41666666666667,7,person,0.9429031,"336,131,392,174"
2,2000,83.41666666666667,8,bowl,0.9271774,"68,182,115,201"
2,2000,83.41666666666667,9,person,0.90485954,"418,196,504,313"
2,2000,83.41666666666667,10,person,0.7624381,"335,173,371,256"
2,2000,83.41666666666667,11,chair,0.69982964,"459,125,564,277"
2,2000,83.41666666666667,12,person,0.6784825,"331,154,418,285"
2,2000,83.41666666666667,13,bowl,0.6154459,"57,195,77,208"
2,2000,83.41666666666667,14,person,0.60902077,"334,133,398,253"
2,2000,83.41666666666667,15,book,0.57505786,"572,193,587,278"
2,2000,83.41666666666667,16,cup,0.570664,"477,127,492,146"
2,2000,83.41666666666667,17,book,0.5147441,"552,199,567,270"
2,2000,83.41666666666667,18,person,0.5011236,"340,124,355,152"
2,4900,204.37083333333334,0,person,0.9977022,"144,11,476,356"
2,4900,204.37083333333334,1,person,0.9916854,"442,120,640,359"
2,4900,204.37083333333334,2,person,0.9882017,"7,3,285,345"
2,4900,204.37083333333334,3,tie,0.71380377,"149,0,213,45"
2,4900,204.37083333333334,4,person,0.53387576,"2,3,135,349"
2,4600,191.85833333333335,0,person,0.99781215,"102,3,459,359"
2,4600,191.85833333333335,1,person,0.9976503,"391,3,638,348"
2,4600,191.85833333333335,2,person,0.9178121,"0,169,112,338"
2,7600,316.98333333333335,0,person,0.99824154,"332,168,415,356"
2,7600,316.98333333333335,1,person,0.99811685,"249,155,307,337"
2,7600,316.98333333333335,2,person,0.992969,"442,147,486,308"
2,7600,316.98333333333335,3,person,0.98955244,"304,144,373,347"
2,7600,316.98333333333335,4,person,0.98435843,"499,143,564,217"
2,7600,316.98333333333335,5,person,0.9789545,"454,177,612,358"
2,7600,316.98333333333335,6,person,0.9766888,"401,148,430,299"
2,7600,316.98333333333335,7,person,0.9521294,"536,137,639,337"
2,7600,316.98333333333335,8,person,0.9435555,"383,144,428,320"
2,7600,316.98333333333335,9,person,0.89443576,"478,141,511,198"
2,7600,316.98333333333335,10,tv,0.7828336,"0,229,80,356"
2,7600,316.98333333333335,11,tv,0.7800353,"47,0,181,342"
2,7600,316.98333333333335,12,chair,0.66956115,"189,175,229,218"
2,7600,316.98333333333335,13,dining table,0.5817345,"163,212,257,309"
2,7600,316.98333333333335,14,book,0.5240087,"158,334,204,360"
2,7600,316.98333333333335,15,keyboard,0.50856113,"99,334,162,359"
2,4500,187.6875,0,person,0.99693274,"403,14,636,351"
2,4500,187.6875,1,person,0.9949852,"115,24,361,323"
2,4500,187.6875,2,person,0.9794687,"0,100,83,358"
2,4500,187.6875,3,person,0.9751496,"563,20,638,284"
2,4400,183.51666666666668,0,person,0.9955764,"130,35,369,352"
2,4400,183.51666666666668,1,person,0.99528,"347,17,635,357"
2,4400,183.51666666666668,2,person,0.9821868,"0,126,80,357"
2,4400,183.51666666666668,3,person,0.94270056,"232,269,399,358"
2,4400,183.51666666666668,4,person,0.8229741,"516,40,640,324"
2,4400,183.51666666666668,5,person,0.5391057,"515,86,637,228"
2,1300,54.22083333333334,0,person,0.99934715,"284,29,537,345"
2,1300,54.22083333333334,1,person,0.9959543,"215,82,346,217"
2,1300,54.22083333333334,2,potted plant,0.98364484,"86,1,164,74"
2,1300,54.22083333333334,3,bottle,0.9778367,"127,153,168,263"
2,1300,54.22083333333334,4,dining table,0.97457224,"6,181,459,357"
2,1300,54.22083333333334,5,cup,0.94304353,"202,213,218,231"
2,1300,54.22083333333334,6,chair,0.92091405,"53,201,120,235"
2,1300,54.22083333333334,7,bowl,0.87990713,"37,272,220,358"
2,1300,54.22083333333334,8,bottle,0.875874,"545,112,561,143"
2,1300,54.22083333333334,9,bottle,0.84840494,"578,117,594,150"
2,1300,54.22083333333334,10,bowl,0.84186256,"70,24,100,36"
2,1300,54.22083333333334,11,book,0.83823144,"283,239,403,326"
2,1300,54.22083333333334,12,dining table,0.8340778,"0,103,98,242"
2,1300,54.22083333333334,13,chair,0.82352924,"464,199,553,351"
2,1300,54.22083333333334,14,bowl,0.7929942,"24,319,98,359"
2,1300,54.22083333333334,15,chair,0.7619839,"0,44,99,251"
2,1300,54.22083333333334,16,bottle,0.7536131,"589,120,608,152"
2,1300,54.22083333333334,17,toothbrush,0.7475663,"368,120,377,142"
2,1300,54.22083333333334,18,cup,0.7289649,"287,52,304,74"
2,1300,54.22083333333334,19,chair,0.7229766,"0,23,78,128"
2,1300,54.22083333333334,20,tv,0.71741813,"223,31,252,61"
2,1300,54.22083333333334,21,dining table,0.71458435,"118,76,216,166"
2,1300,54.22083333333334,22,bottle,0.70920295,"604,117,624,153"
2,1300,54.22083333333334,23,dining table,0.7006951,"2,200,253,355"
2,1300,54.22083333333334,24,bottle,0.6936855,"559,110,575,144"
2,1300,54.22083333333334,25,chair,0.6634831,"514,196,552,317"
2,1300,54.22083333333334,26,bottle,0.64156044,"571,112,586,147"
2,1300,54.22083333333334,27,cup,0.6152249,"270,59,282,72"
2,1300,54.22083333333334,28,cup,0.6025584,"77,285,193,359"
2,1300,54.22083333333334,29,book,0.58427846,"145,80,198,96"
2,1300,54.22083333333334,30,spoon,0.5595586,"183,201,203,218"
2,1300,54.22083333333334,31,potted plant,0.5147278,"555,0,613,54"
2,7800,325.325,0,person,0.9943169,"363,1,611,320"
2,7800,325.325,1,person,0.99172455,"511,17,639,355"
2,7800,325.325,2,person,0.9747497,"0,16,177,347"
2,7800,325.325,3,person,0.9311525,"144,5,423,358"
2,7800,325.325,4,person,0.8912502,"329,1,415,143"
2,7800,325.325,5,person,0.8232353,"520,3,635,142"
1,4200,175.175,0,vase,0.7981427,"451,206,639,356"
2,500,20.854166666666668,0,person,0.9981768,"131,0,236,242"
2,500,20.854166666666668,1,person,0.99723333,"183,76,320,357"
2,500,20.854166666666668,2,person,0.9953536,"298,58,396,359"
2,500,20.854166666666668,3,person,0.99407417,"382,96,492,355"
2,500,20.854166666666668,4,person,0.99143183,"536,80,599,280"
2,500,20.854166666666668,5,chair,0.98333967,"28,119,191,351"
2,500,20.854166666666668,6,person,0.9733873,"488,92,556,317"
2,500,20.854166666666668,7,person,0.971117,"587,59,638,259"
2,500,20.854166666666668,8,person,0.9703001,"472,84,530,316"
2,500,20.854166666666668,9,chair,0.9118734,"2,120,37,199"
2,500,20.854166666666668,10,person,0.8278842,"536,50,594,139"
2,500,20.854166666666668,11,person,0.7983129,"380,62,421,196"
2,500,20.854166666666668,12,person,0.7258458,"393,83,472,265"
2,500,20.854166666666668,13,person,0.7162108,"303,50,349,131"
2,500,20.854166666666668,14,person,0.67626864,"281,101,340,353"
2,500,20.854166666666668,15,person,0.6311211,"414,72,468,121"
2,500,20.854166666666668,16,tv,0.6247478,"102,57,138,88"
2,500,20.854166666666668,17,potted plant,0.52877766,"467,35,516,91"
2,500,20.854166666666668,18,skis,0.5008108,"609,226,638,266"
2,2800,116.78333333333335,0,vase,0.59027594,"242,172,282,213"
2,2800,116.78333333333335,1,sports ball,0.5688143,"182,151,204,174"
2,6000,250.25,0,person,0.9968444,"158,32,430,349"
2,6000,250.25,1,person,0.9939203,"348,1,594,86"
2,6000,250.25,2,dining table,0.9445749,"0,263,436,351"
2,6000,250.25,3,chair,0.90855557,"412,268,444,358"
2,6000,250.25,4,dining table,0.8472208,"369,45,640,293"
2,6000,250.25,5,pizza,0.842024,"482,36,575,92"
2,6000,250.25,6,knife,0.79496694,"375,80,428,97"
2,6000,250.25,7,person,0.7548012,"333,2,587,306"
3,3200,133.46666666666667,0,car,0.9953975,"68,314,117,342"
3,3200,133.46666666666667,1,car,0.9938095,"14,280,50,302"
3,3200,133.46666666666667,2,car,0.98311436,"37,298,78,319"
3,3200,133.46666666666667,3,car,0.9581595,"18,266,48,282"
3,3200,133.46666666666667,4,car,0.8654445,"0,266,17,281"
2,3400,141.80833333333334,0,person,0.99943024,"305,1,538,359"
2,3400,141.80833333333334,1,bowl,0.98273534,"165,50,367,121"
2,3400,141.80833333333334,2,dining table,0.77379054,"5,83,367,338"
2,3400,141.80833333333334,3,fork,0.6979209,"324,168,343,234"
2,4100,171.00416666666666,0,person,0.9980615,"391,109,542,314"
2,4100,171.00416666666666,1,person,0.9980095,"41,60,228,288"
2,4100,171.00416666666666,2,person,0.9977035,"0,126,107,302"
2,4100,171.00416666666666,3,person,0.99638665,"493,102,638,355"
2,4100,171.00416666666666,4,person,0.9913811,"365,107,458,261"
2,4100,171.00416666666666,5,person,0.987939,"223,115,353,272"
2,4100,171.00416666666666,6,tv,0.96682924,"92,12,163,75"
2,4100,171.00416666666666,7,chair,0.9181607,"96,78,128,116"
2,4100,171.00416666666666,8,teddy bear,0.91099614,"154,138,215,211"
2,4100,171.00416666666666,9,remote,0.8320609,"328,204,377,235"
2,4100,171.00416666666666,10,book,0.6396613,"583,0,595,66"
2,4100,171.00416666666666,11,potted plant,0.61368364,"416,0,460,69"
2,4100,171.00416666666666,12,potted plant,0.6007939,"392,19,422,65"
2,4100,171.00416666666666,13,refrigerator,0.59986967,"16,61,88,184"
2,4100,171.00416666666666,14,book,0.5314289,"573,0,587,66"
2,4100,171.00416666666666,15,cup,0.50728506,"406,49,426,69"
1,2600,108.44166666666668,0,person,0.959783,"294,23,540,326"
1,2600,108.44166666666668,1,person,0.7701217,"0,0,99,187"
1,2600,108.44166666666668,2,person,0.56949264,"566,10,640,307"
1,1600,66.73333333333333,0,train,0.5678317,"344,129,640,259"
2,6100,254.42083333333335,0,person,0.9230881,"101,3,470,351"
2,6100,254.42083333333335,1,tv,0.7473266,"387,4,635,143"
2,6100,254.42083333333335,2,person,0.6119252,"3,10,313,352"
2,6100,254.42083333333335,3,teddy bear,0.5197483,"248,176,494,317"
2,2500,104.27083333333334,0,person,0.9988159,"76,13,325,354"
2,2500,104.27083333333334,1,person,0.99535286,"333,84,607,314"
2,2500,104.27083333333334,2,person,0.97461194,"414,172,640,349"
2,2500,104.27083333333334,3,person,0.8903036,"206,56,390,309"
2,2500,104.27083333333334,4,chair,0.7185867,"0,191,72,319"
2,2500,104.27083333333334,5,sink,0.65504074,"7,250,168,359"
2,2500,104.27083333333334,6,chair,0.56961167,"42,155,84,255"
2,2500,104.27083333333334,7,person,0.543288,"1,1,80,180"
2,2500,104.27083333333334,8,chair,0.52211463,"526,79,565,150"
1,4500,187.6875,0,knife,0.79553473,"106,153,307,330"
1,4500,187.6875,1,knife,0.6705367,"362,180,508,288"
1,200,8.341666666666667,0,car,0.7311652,"292,332,300,338"
1,200,8.341666666666667,1,truck,0.5247546,"304,326,331,343"
1,2100,87.5875,0,car,0.5056094,"374,262,390,289"
3,2400,100.1,0,train,0.53659385,"43,0,630,320"
3,2400,100.1,1,sink,0.5322574,"560,241,638,254"
1,600,25.025000000000002,0,person,0.99979883,"2,44,405,358"
3,2900,120.95416666666667,0,car,0.9976447,"0,1,154,40"
3,2900,120.95416666666667,1,umbrella,0.9954346,"296,203,372,244"
3,2900,120.95416666666667,2,car,0.9947084,"165,0,314,35"
3,2900,120.95416666666667,3,car,0.97557586,"336,0,475,22"
3,2900,120.95416666666667,4,person,0.95838064,"308,239,353,279"
3,2900,120.95416666666667,5,car,0.9349652,"542,0,637,14"
2,5200,216.88333333333335,0,person,0.99721414,"435,27,605,287"
2,5200,216.88333333333335,1,person,0.9935828,"116,152,254,349"
2,5200,216.88333333333335,2,cell phone,0.99240017,"461,195,491,212"
2,5200,216.88333333333335,3,person,0.9854891,"140,229,370,359"
2,5200,216.88333333333335,4,person,0.98117435,"91,130,171,298"
2,5200,216.88333333333335,5,person,0.9794755,"268,145,410,250"
2,5200,216.88333333333335,6,book,0.68488455,"300,229,399,322"
3,2300,95.92916666666666,0,person,0.99239326,"45,180,83,235"
3,2300,95.92916666666666,1,car,0.9877615,"131,191,168,215"
3,2300,95.92916666666666,2,car,0.97913045,"212,188,237,203"
3,2300,95.92916666666666,3,car,0.977719,"0,196,51,235"
3,2300,95.92916666666666,4,bicycle,0.97723866,"44,206,82,245"
3,2300,95.92916666666666,5,car,0.97679657,"94,193,138,220"
3,2300,95.92916666666666,6,person,0.9756505,"409,184,420,207"
3,2300,95.92916666666666,7,car,0.9749371,"285,184,314,206"
3,2300,95.92916666666666,8,car,0.9687298,"162,189,187,209"
3,2300,95.92916666666666,9,car,0.96601707,"232,189,251,201"
3,2300,95.92916666666666,10,car,0.9534067,"184,187,207,207"
3,2300,95.92916666666666,11,car,0.93808883,"74,197,113,224"
3,2300,95.92916666666666,12,car,0.91455513,"246,186,265,199"
3,2300,95.92916666666666,13,truck,0.78070545,"434,174,576,216"
3,2300,95.92916666666666,14,traffic light,0.7132498,"565,127,585,163"
3,2300,95.92916666666666,15,car,0.6580339,"433,175,574,216"
2,4800,200.20000000000002,0,person,0.99609524,"166,19,431,355"
2,4800,200.20000000000002,1,person,0.99533266,"405,120,640,356"
2,4800,200.20000000000002,2,person,0.9857356,"5,6,242,326"
2,4800,200.20000000000002,3,tie,0.74005634,"121,8,180,51"
2,4800,200.20000000000002,4,person,0.5437061,"509,0,624,61"
1,3600,150.15,0,frisbee,0.9864644,"279,25,386,128"
2,5400,225.22500000000002,0,person,0.99873763,"179,7,407,360"
2,5400,225.22500000000002,1,person,0.9859163,"361,0,640,359"
2,7700,321.1541666666667,0,person,0.9970489,"241,135,341,356"
2,7700,321.1541666666667,1,person,0.9937594,"476,96,585,355"
2,7700,321.1541666666667,2,person,0.9854962,"353,144,515,357"
2,7700,321.1541666666667,3,person,0.9769668,"182,105,239,293"
2,7700,321.1541666666667,4,person,0.97007126,"317,86,370,295"
2,7700,321.1541666666667,5,person,0.93410057,"579,97,640,317"
2,7700,321.1541666666667,6,person,0.8429092,"461,106,509,214"
2,7700,321.1541666666667,7,person,0.80421644,"277,89,340,231"
2,7700,321.1541666666667,8,person,0.7160534,"385,104,431,145"
2,7700,321.1541666666667,9,person,0.69904876,"369,127,421,225"
2,7700,321.1541666666667,10,person,0.684184,"223,118,273,299"
2,5900,246.07916666666668,0,person,0.9989889,"242,0,557,348"
2,5900,246.07916666666668,1,person,0.96045595,"569,211,639,355"
2,5900,246.07916666666668,2,dining table,0.92840993,"0,252,447,353"
2,5900,246.07916666666668,3,donut,0.6759803,"491,28,584,84"
2,5900,246.07916666666668,4,person,0.66671205,"363,0,544,51"
2,5900,246.07916666666668,5,dining table,0.6494974,"417,16,640,205"
2,5900,246.07916666666668,6,pizza,0.53760356,"493,26,584,83"
2,1400,58.39166666666667,0,person,0.9986436,"253,26,486,324"
2,1400,58.39166666666667,1,person,0.99616516,"198,87,325,213"
2,1400,58.39166666666667,2,bottle,0.99204695,"107,153,150,262"
2,1400,58.39166666666667,3,dining table,0.9692675,"0,193,479,355"
2,1400,58.39166666666667,4,chair,0.96150774,"0,16,77,206"
2,1400,58.39166666666667,5,chair,0.95716494,"28,199,98,234"
2,1400,58.39166666666667,6,potted plant,0.92816,"67,0,143,74"
2,1400,58.39166666666667,7,cup,0.88421035,"182,211,198,231"
2,1400,58.39166666666667,8,dining table,0.85916615,"95,73,197,161"
2,1400,58.39166666666667,9,bottle,0.84321463,"523,114,537,144"
2,1400,58.39166666666667,10,bottle,0.83756506,"554,118,569,150"
2,1400,58.39166666666667,11,chair,0.8113027,"0,13,55,127"
2,1400,58.39166666666667,12,bowl,0.8042799,"43,17,77,29"
2,1400,58.39166666666667,13,bottle,0.75695455,"580,116,599,153"
2,1400,58.39166666666667,14,potted plant,0.7479868,"43,0,79,29"
2,1400,58.39166666666667,15,bottle,0.74082106,"565,118,584,151"
2,1400,58.39166666666667,16,chair,0.7318097,"459,119,503,210"
2,1400,58.39166666666667,17,bottle,0.70990485,"535,111,550,144"
2,1400,58.39166666666667,18,chair,0.6936131,"481,197,531,292"
2,1400,58.39166666666667,19,bottle,0.68886536,"548,112,563,148"
2,1400,58.39166666666667,20,cup,0.68771416,"269,55,284,73"
2,1400,58.39166666666667,21,chair,0.63603675,"1,12,30,119"
2,1400,58.39166666666667,22,tv,0.6280317,"203,28,232,58"
2,1400,58.39166666666667,23,knife,0.56720865,"223,195,257,211"
2,1400,58.39166666666667,24,bottle,0.56018895,"627,135,639,159"
2,1400,58.39166666666667,25,book,0.5285553,"180,205,295,271"
